{"cameraMode":{"drawMode":0,"name":"Shaded","section":"Shading Mode"},"sceneLighting":true,"audioPlay":false,"sceneViewState":{"m_AlwaysRefresh":false,"showFog":true,"showSkybox":true,"showFlares":true,"showImageEffects":true,"showParticleSystems":true,"showVisualEffectGraphs":true,"m_FxEnabled":true},"in2DMode":false,"pivot":{"x":1.3045740127563477,"y":-31.29029083251953,"z":19.961790084838868},"rotation":{"x":-0.29778721928596499,"y":0.01433298084884882,"z":-0.004448276944458485,"w":-0.954539954662323},"size":0.000502575421705842,"orthographic":false}